{"base_link_offset": [0.004438489675521851, -0.03971099853515625, -0.03537452220916748], "bbox_size": [1.5238509774208069, 0.7572540044784546, 1.3898630142211914]}