{"base_link_offset": [-0.09795349836349487, -0.0002634972333908081, -0.03713100031018257], "bbox_size": [0.824416995048523, 0.49358299374580383, 0.29081400483846664]}