{"base_link_offset": [-0.0006949901580810547, -0.004046499729156494, -0.20972098410129547], "bbox_size": [0.5896880030632019, 0.8042849898338318, 1.4180479943752289]}