{"base_link_offset": [0.01438099890947342, -0.011469505727291107, -0.10995599627494812], "bbox_size": [0.4123619943857193, 0.4197169989347458, 0.8124659657478333]}