{"base_link_offset": [-0.0001664981245994568, 0.004757001996040344, -0.01248350739479065], "bbox_size": [0.45926500856876373, 0.4353500008583069, 0.7766090035438538]}