{"base_link_offset": [-0.024512499570846558, -0.006946496665477753, -0.030692998319864273], "bbox_size": [0.8478149771690369, 0.462227001786232, 0.27542000263929367]}