{"base_link_offset": [-0.0008535087108612061, 0.03134249150753021, -0.0294404998421669], "bbox_size": [0.6608110070228577, 0.5160529911518097, 0.55240498483181]}