{"base_link_offset": [0.019523993134498596, 0.03896600008010864, -0.03096649795770645], "bbox_size": [0.770689994096756, 0.3246400058269501, 0.5569029897451401]}