{"base_link_offset": [-0.042406000196933746, 0.0016605006530880928, 0.19887100160121918], "bbox_size": [0.4284660071134567, 0.05140499956905842, 0.9033739864826202]}