{"base_link_offset": [-0.0011280030012130737, -0.0014159977436065674, 0.06372099369764328], "bbox_size": [0.5845020115375519, 0.5845019817352295, 0.5659319907426834]}