{"base_link_offset": [-0.008957996964454651, 0.01476750522851944, -0.04040050506591797], "bbox_size": [0.7529480159282684, 0.5025549978017807, 0.4280869960784912]}