{"base_link_offset": [0.014503002166748047, 0.0073360055685043335, 0.04406651854515076], "bbox_size": [1.5344820022583008, 0.6556340157985687, 1.3730869889259338]}