{"base_link_offset": [-0.002423003315925598, -0.004597999155521393, 0.18021449819207191], "bbox_size": [0.3988479971885681, 0.3735239952802658, 0.5835930034518242]}