{"base_link_offset": [-0.003134995698928833, -0.11288851499557495, 0.019632995128631592], "bbox_size": [1.0250419974327087, 1.4754509925842285, 1.423002004623413]}