{"base_link_offset": [-0.00625002384185791, 0.05095350742340088, 0.16548147797584534], "bbox_size": [2.250391960144043, 0.8149290084838867, 1.6484130024909973]}