{"base_link_offset": [0.0, 7.699429988861084e-05, 0.00012099742889404297], "bbox_size": [0.9014059901237488, 0.8781979978084564, 1.3932420015335083]}