{"base_link_offset": [-0.0004324913024902344, -0.14162451028823853, 0.05162099003791809], "bbox_size": [0.86701899766922, 1.4202970266342163, 1.3756960034370422]}