{"base_link_offset": [-0.003242999315261841, -0.0023104995489120483, -0.1089205015450716], "bbox_size": [0.8645139932632446, 0.4105049967765808, 0.29571500048041344]}