{
    "class_name": "PinholeCameraTrajectory",
    "parameters": [
        {
            "class_name": "PinholeCameraParameters",
            "extrinsic": [
                -0.011752154790206757,
                0.9644567416545615,
                -0.26397931800588714,
                0.0,
                -0.9798659809851309,
                0.041513260811621086,
                0.1952928787355887,
                0.0,
                0.1993101757709176,
                0.2609594655379501,
                0.9445504810121653,
                0.0,
                0.19212973574895956,
                -0.2326853224105012,
                0.8021980335374002,
                1.0
            ],
            "distortion": [
                [
                    0.06108698505084801,
                    -0.3797620310754683,
                    0.00013218506771479072,
                    -0.00015689475920514721,
                    0.793033705797788
                ]
            ],
            "intrinsic": {
                "height": 1200,
                "intrinsic_matrix": [
                    1219.1246735448844,
                    0.0,
                    0.0,
                    0.0,
                    1219.240947325027,
                    0.0,
                    799.8195521700352,
                    602.0915924821393,
                    1.0
                ],
                "width": 1600
            },
            "version_major": 1,
            "version_minor": 0
        },
        {
            "class_name": "PinholeCameraParameters",
            "extrinsic": [
                0.0032909874292362737,
                0.9638059299440502,
                -0.2665845059384081,
                0.0,
                -0.9894303584821569,
                0.04178595526603708,
                0.13885783973681634,
                0.0,
                0.14497149759732508,
                0.26330982387140306,
                0.9537563638252693,
                0.0,
                0.24516667132286482,
                -0.23487541184290417,
                0.7986701168272844,
                1.0
            ],
            "distortion": [
                [
                    0.06108698505084801,
                    -0.3797620310754683,
                    0.00013218506771479072,
                    -0.00015689475920514721,
                    0.793033705797788
                ]
            ],
            "intrinsic": {
                "height": 1200,
                "intrinsic_matrix": [
                    1219.1246735448844,
                    0.0,
                    0.0,
                    0.0,
                    1219.240947325027,
                    0.0,
                    799.8195521700352,
                    602.0915924821393,
                    1.0
                ],
                "width": 1600
            },
            "version_major": 1,
            "version_minor": 0
        },
        {
            "class_name": "PinholeCameraParameters",
            "extrinsic": [
                0.2876531522714048,
                0.9221700260878114,
                -0.2585693465465878,
                0.0,
                -0.9556170289223871,
                0.2584154525380592,
                -0.14148338391168053,
                0.0,
                -0.06365342113251954,
                0.28779141209347353,
                0.9555754000095289,
                0.0,
                0.1507808750486979,
                -0.28090729996377306,
                0.863941552460564,
                1.0
            ],
            "distortion": [
                [
                    0.06108698505084801,
                    -0.3797620310754683,
                    0.00013218506771479072,
                    -0.00015689475920514721,
                    0.793033705797788
                ]
            ],
            "intrinsic": {
                "height": 1200,
                "intrinsic_matrix": [
                    1219.1246735448844,
                    0.0,
                    0.0,
                    0.0,
                    1219.240947325027,
                    0.0,
                    799.8195521700352,
                    602.0915924821393,
                    1.0
                ],
                "width": 1600
            },
            "version_major": 1,
            "version_minor": 0
        },
        {
            "class_name": "PinholeCameraParameters",
            "extrinsic": [
                0.301162848985039,
                0.9186066810983988,
                -0.2558568033736825,
                0.0,
                -0.9464617953003527,
                0.25524977237107915,
                -0.19763001730846813,
                0.0,
                -0.11623686346442662,
                0.3016775085184457,
                0.946297877217346,
                0.0,
                0.19781068739037788,
                -0.293457766470336,
                0.8946080076481737,
                1.0
            ],
            "distortion": [
                [
                    0.06108698505084801,
                    -0.3797620310754683,
                    0.00013218506771479072,
                    -0.00015689475920514721,
                    0.793033705797788
                ]
            ],
            "intrinsic": {
                "height": 1200,
                "intrinsic_matrix": [
                    1219.1246735448844,
                    0.0,
                    0.0,
                    0.0,
                    1219.240947325027,
                    0.0,
                    799.8195521700352,
                    602.0915924821393,
                    1.0
                ],
                "width": 1600
            },
            "version_major": 1,
            "version_minor": 0
        },
        {
            "class_name": "PinholeCameraParameters",
            "extrinsic": [
                0.15360640428445838,
                0.9521293189803421,
                -0.2643006479387237,
                0.0,
                -0.985212096076802,
                0.1681199988092601,
                0.03305740074973436,
                0.0,
                0.07590914507984976,
                0.25531436688600984,
                0.9638736305941988,
                0.0,
                0.22571004657092011,
                -0.2705038732741179,
                0.8166745842988072,
                1.0
            ],
            "distortion": [
                [
                    0.06108698505084801,
                    -0.3797620310754683,
                    0.00013218506771479072,
                    -0.00015689475920514721,
                    0.793033705797788
                ]
            ],
            "intrinsic": {
                "height": 1200,
                "intrinsic_matrix": [
                    1219.1246735448844,
                    0.0,
                    0.0,
                    0.0,
                    1219.240947325027,
                    0.0,
                    799.8195521700352,
                    602.0915924821393,
                    1.0
                ],
                "width": 1600
            },
            "version_major": 1,
            "version_minor": 0
        }
    ],
    "version_major": 1,
    "version_minor": 0
}