{"base_link_offset": [-0.0016465038061141968, 0.06568999588489532, -0.14707300066947937], "bbox_size": [0.40362900495529175, 1.0285780131816864, 1.5502880215644836]}